,Age,Income,Score,Purchased,Income_per_Age,Age_x_Score,Marital_Status_Married,Marital_Status_Single,City_Houston,City_Los Angeles,City_New York,City_Phoenix
0,56,24000,0.4798970815920732,0,428.57142857142856,26.8742365691561,False,False,True,False,False,False
1,46,90588,0.6859677359829841,1,1969.304347826087,31.554515855217268,False,True,False,False,False,False
2,32,113610,0.0173797901854796,0,3550.3125,0.5561532859353472,False,False,True,False,False,False
3,60,117856,0.3231306570702785,0,1964.2666666666667,19.38783942421671,True,False,False,False,True,False
4,25,58304,0.9730977480703464,0,2332.16,24.32744370175866,False,True,True,False,False,False
5,38,89449,0.580112229695468,1,2353.9210526315787,22.044264728427788,False,False,False,False,True,False
6,56,102986,0.2542245798974932,0,1839.0357142857142,14.23657647425962,False,True,True,False,False,False
7,36,109643,0.5217300466362131,1,3045.6388888888887,18.782281678903672,True,False,False,False,True,False
8,40,40764,0.3426534881209153,0,1019.1,13.706139524836612,True,False,False,True,False,False
9,28,106027,0.5322449888262991,1,3786.6785714285716,14.902859687136376,False,False,False,False,False,True
10,28,58494,0.1257415118066488,0,2089.0714285714284,3.5207623305861664,True,False,False,False,False,False
11,41,23373,0.1327146538192773,1,570.0731707317074,5.44130080659037,False,True,True,False,False,False
12,53,32161,0.1435423620393928,1,606.811320754717,7.607745188087819,True,False,False,False,False,True
13,57,117532,0.9398197919268416,0,2061.964912280702,53.56972813982997,False,True,False,False,False,False
14,41,112658,0.7328989183413418,1,2747.756097560976,30.048855651995012,False,True,False,False,False,False
15,20,47350,0.1623818946623209,1,2367.5,3.247637893246418,True,False,False,False,True,False
16,39,113008,0.1883490837656014,1,2897.641025641026,7.345614266858454,False,False,False,True,False,False
17,19,114297,0.7308294748708763,1,6015.631578947368,13.88576002254665,True,False,False,True,False,False
18,41,45351,0.1561638447921739,1,1106.121951219512,6.40271763647913,False,True,False,False,False,True
19,61,108668,0.2345612933348286,1,1781.4426229508197,14.308238893424546,False,True,False,True,False,False
20,47,35305,0.963346832820399,1,751.1702127659574,45.277301142558755,True,False,True,False,False,False
21,55,95353,0.2553065247284318,1,1733.6909090909091,14.04185886006375,False,False,False,True,False,False
22,19,96797,0.6616323503711468,0,5094.578947368421,12.571014657051789,False,False,False,False,False,True
23,38,85953,0.9786312874005304,0,2261.9210526315787,37.18798892122015,False,True,False,True,False,False
24,50,77458,0.3742967671397926,1,1549.16,18.71483835698963,False,True,True,False,False,False
25,29,40358,0.0175159908620622,1,1391.655172413793,0.5079637349998039,False,False,False,False,True,False
26,39,23267,0.2441472904223742,0,596.5897435897435,9.521744326472595,True,False,False,False,False,True
27,61,102745,0.8308771913417055,0,1684.344262295082,50.68350867184403,False,True,False,False,True,False
28,42,109588,0.8646088359550367,0,2609.2380952380954,36.31357111011154,False,True,False,False,True,False
29,44,58513,0.7685193645237912,1,1329.840909090909,33.81485203904681,False,False,False,False,True,False
30,59,46092,0.113109819076573,0,781.2203389830509,6.673479325517807,True,False,False,False,False,False
31,45,31338,0.7955103716964032,1,696.4,35.79796672633814,False,False,False,False,False,False
32,33,20412,0.9186777969935044,1,618.5454545454545,30.316367300785643,True,False,False,False,True,False
33,32,27543,0.6006095425462361,0,860.71875,19.219505361479555,True,False,False,False,False,True
34,64,53496,0.9408753563380648,1,835.875,60.21602280563615,True,False,True,False,False,False
35,61,80692,0.8268388837118774,1,1322.8196721311476,50.437171906424524,False,True,True,False,False,False
36,20,109084,0.6669715169909073,1,5454.2,13.339430339818145,False,False,False,True,False,False
37,54,112920,0.5771852367117482,1,2091.1111111111113,31.1680027824344,False,False,False,False,False,True
38,24,64425,0.3485736672419705,0,2684.375,8.36576801380729,True,False,False,False,False,False
39,38,58756,0.1592874452428051,0,1546.2105263157894,6.052922919226594,False,True,False,False,True,False
40,26,38888,0.6049539226905408,1,1495.6923076923076,15.72880198995406,False,True,False,True,False,False
41,56,55735,0.3181115536181195,1,995.2678571428571,17.814247002614692,False,False,True,False,False,False
42,35,67295,0.8664386675276454,0,1922.7142857142858,30.32535336346759,False,True,False,False,False,False
43,21,103042,0.9933369373586284,1,4906.761904761905,20.860075684531196,False,True,False,False,False,False
44,42,105999,0.7524277626155725,0,2523.785714285714,31.601966029854047,True,False,False,False,True,False
45,31,37955,0.0904816952870507,1,1224.3548387096773,2.804932553898572,False,True,True,False,False,False
46,26,57841,0.2886855955306381,1,2224.653846153846,7.505825483796591,True,False,False,False,False,True
47,43,90640,0.1091096317657497,0,2107.906976744186,4.6917141659272374,False,False,False,False,False,False
48,19,85510,0.6505116477917158,0,4500.526315789473,12.3597213080426,False,True,False,False,True,False
49,37,54911,0.7651908645557847,0,1484.081081081081,28.312061988564032,False,False,False,False,False,True
50,45,79031,0.9256748308807118,0,1756.2444444444445,41.65536738963203,False,False,True,False,False,False
51,64,108726,0.4381723464119876,1,1698.84375,28.043030170367206,False,True,False,False,False,False
52,24,27357,0.9013756495884444,0,1139.875,21.633015590122668,False,True,False,False,False,True
53,61,52479,0.8778911590413275,1,860.311475409836,53.55136070152098,False,False,False,False,False,True
54,25,81476,0.3171957167653986,0,3259.04,7.929892919134965,False,True,False,False,False,True
55,64,64811,0.868900625540571,0,1012.671875,55.609640034596545,True,False,False,False,False,False
56,52,56208,0.3756722518817265,1,1080.923076923077,19.534957097849777,True,False,False,False,False,False
57,31,40150,0.2968692745602808,0,1295.1612903225807,9.202947511368704,False,True,False,True,False,False
58,34,91180,0.6490746587943931,0,2681.764705882353,22.068538399009366,False,False,True,False,False,False
59,53,63286,0.328381227885081,0,1194.0754716981132,17.404205077909292,False,True,False,False,True,False
60,57,88450,0.6302087483291442,0,1551.7543859649122,35.92189865476122,False,True,False,False,False,True
61,21,41352,0.6098318054986945,1,1969.142857142857,12.806467915472584,False,False,False,True,False,False
62,19,75069,0.5634389273484588,1,3951.0,10.705339619620718,False,False,False,False,True,False
63,23,34397,0.3804197042327977,0,1495.5217391304348,8.749653197354347,True,False,False,True,False,False
64,59,61555,0.5484997216514768,0,1043.3050847457628,32.36148357743713,False,False,False,False,False,False
65,21,66959,0.5964854749854216,0,3188.5238095238096,12.526194974693853,True,False,False,False,False,True
66,46,20728,0.5456868884954734,1,450.60869565217394,25.101596870791777,False,False,False,False,True,False
67,35,70517,0.4444194527512015,1,2014.7714285714285,15.554680846292053,False,True,False,False,True,False
68,43,86234,0.0146670570462638,1,2005.4418604651162,0.6306834529893435,True,False,False,False,True,False
69,61,59954,0.587061707701151,1,982.8524590163935,35.81076416977021,True,False,False,False,True,False
70,51,67280,0.1684443851427196,0,1319.2156862745098,8.590663642278699,True,False,False,False,True,False
71,27,99459,0.6425759689471896,0,3683.6666666666665,17.34955116157412,False,True,False,True,False,False
72,53,36779,0.759344327922866,0,693.9433962264151,40.2452493799119,False,True,False,False,False,True
73,31,83932,0.5004453091307415,1,2707.483870967742,15.513804583052986,False,True,False,False,False,False
74,48,92936,0.5423636649797383,0,1936.1666666666667,26.03345591902744,False,True,False,False,False,False
75,32,44466,0.9514785596659912,1,1389.5625,30.447313909311717,False,True,False,False,False,False
76,25,56939,0.8471673613725742,1,2277.56,21.179184034314353,True,False,False,False,False,False
77,31,89896,0.91423651595147,0,2899.8709677419356,28.341331994495572,False,True,False,True,False,False
78,40,55270,0.8137662883195864,0,1381.75,32.550651532783455,True,False,True,False,False,False
79,57,79163,0.1089183418467314,0,1388.8245614035088,6.208345485263689,False,True,False,False,False,True
80,38,102637,0.1489918559701947,1,2700.9736842105262,5.661690526867399,False,False,False,False,True,False
81,33,71934,0.5266237972689596,1,2179.818181818182,17.378585309875668,True,False,True,False,False,False
82,62,84895,0.2460696587979982,0,1369.274193548387,15.256318845475889,False,False,False,False,False,False
83,35,52307,0.4766954750411591,0,1494.4857142857143,16.68434162644057,True,False,True,False,False,False
84,64,74098,0.3943653238183502,1,1157.78125,25.239380724374413,False,False,False,False,False,True
85,41,80921,0.5494142384304533,0,1973.6829268292684,22.525983775648587,False,True,False,False,True,False
86,43,25486,0.7468757161358227,1,592.6976744186046,32.115655793840375,False,True,False,False,True,False
87,42,28335,0.7154909070992744,1,674.6428571428571,30.050618098169526,False,True,False,False,False,True
88,62,106900,0.5212341324853343,0,1724.1935483870968,32.31651621409073,True,False,False,False,False,True
89,58,109112,0.8223934188170581,0,1881.2413793103449,47.698818291389365,False,False,False,False,False,False
90,46,117203,0.4308620915380333,0,2547.891304347826,19.81965621074953,False,True,False,False,True,False
91,32,31130,0.8967142898401224,0,972.8125,28.694857274883915,False,False,True,False,False,False
92,62,107508,0.0712802700551639,1,1734.0,4.419376743420162,False,False,False,True,False,False
93,18,80566,0.9546600300333076,1,4475.888888888889,17.183880540599535,False,True,False,True,False,False
94,42,86703,0.6546930814313482,1,2064.3571428571427,27.497109420116622,False,True,False,False,False,True
95,24,47192,0.3800745089372053,0,1966.3333333333333,9.121788214492927,False,False,False,False,False,False
96,26,21062,0.1971541265728773,1,810.0769230769231,5.126007290894809,False,True,False,True,False,False
97,41,104076,0.4791832294435999,0,2538.439024390244,19.646512407187597,False,True,False,False,True,False
98,18,109780,0.1945583231853009,0,6098.888888888889,3.502049817335416,False,True,False,False,False,True
99,61,41545,0.1663316077431421,0,681.0655737704918,10.146228072331668,True,False,True,False,False,False
100,25,41689,0.6173517574129742,0,1667.56,15.433793935324355,False,False,False,False,False,True
101,41,31174,0.5230847245817847,0,760.3414634146342,21.446473707853173,False,False,True,False,False,False
102,28,108461,0.6700960346109417,0,3873.6071428571427,18.762688969106367,True,False,False,False,False,True
103,34,29348,0.9296058774219892,1,863.1764705882352,31.606599832347634,False,False,False,False,False,True
104,25,43714,0.5322602133390402,0,1748.56,13.306505333476004,False,True,False,False,False,True
105,52,58102,0.5809320532627977,1,1117.3461538461538,30.20846676966548,False,False,True,False,False,False
106,52,94460,0.0896263391549421,1,1816.5384615384614,4.660569636056989,False,True,True,False,False,False
107,50,109930,0.7176357859086295,0,2198.6,35.881789295431474,True,False,False,False,False,True
108,22,26801,0.3999052068041562,0,1218.2272727272727,8.797914549691436,False,True,False,True,False,False
109,59,92267,0.9767252386625788,0,1563.8474576271187,57.62678908109215,False,False,False,False,False,False
110,56,68136,0.8231740155956603,1,1216.7142857142858,46.09774487335697,False,False,False,False,False,False
111,58,43625,0.5224810405161183,0,752.1551724137931,30.303900349934864,False,False,False,False,False,False
112,45,102873,0.123222654172166,1,2286.0666666666666,5.54501943774747,True,False,True,False,False,False
113,24,92592,0.8594157932805891,0,3858.0,20.62597903873414,True,False,True,False,False,False
114,26,97052,0.7997810954240216,0,3732.769230769231,20.79430848102456,False,False,False,True,False,False
115,25,64261,0.184585129537033,1,2570.44,4.614628238425825,False,True,False,False,False,False
116,29,21542,0.2952782892203101,1,742.8275862068965,8.563070387388992,True,False,False,False,False,False
117,51,41677,0.7934072581478373,0,817.1960784313726,40.4637701655397,False,False,False,False,False,True
118,50,66732,0.1852284465474096,1,1334.64,9.26142232737048,False,False,True,False,False,False
119,40,70343,0.9177524891713772,1,1758.575,36.710099566855085,True,False,False,False,False,False
120,41,59081,0.4245274251963619,1,1441.0,17.405624433050836,True,False,False,True,False,False
121,54,82856,0.0870389625876586,1,1534.3703703703704,4.700103979733564,True,False,False,True,False,False
122,52,113105,0.8157486435042809,1,2175.096153846154,42.41892946222261,False,True,False,False,False,False
123,61,108858,0.3735096830383876,0,1784.5573770491803,22.784090665341644,False,True,True,False,False,False
124,57,39065,0.526499194153781,0,685.3508771929825,30.010454066765515,False,False,False,True,False,False
125,39,103460,0.1123043444112191,1,2652.8205128205127,4.379869432037545,True,False,False,False,False,True
126,44,108092,0.0025840148449823,0,2456.6363636363635,0.1136966531792212,False,True,False,True,False,False
127,52,74693,0.6379852057932976,0,1436.4038461538462,33.17523070125148,True,False,False,False,True,False
128,18,46962,0.5151751703337316,1,2609.0,9.273153066007168,False,False,False,False,True,False
129,52,48295,0.5935385691231472,0,928.75,30.864005594403654,False,True,True,False,False,False
130,54,33807,0.7937438503805163,1,626.0555555555555,42.86216792054788,False,True,False,False,False,False
131,64,62348,0.6466059134228601,1,974.1875,41.38277845906305,False,True,True,False,False,False
132,31,46432,0.1747734428273771,0,1497.8064516129032,5.41797672764869,False,False,True,False,False,False
133,20,103285,0.3607725191105998,1,5164.25,7.215450382211996,True,False,True,False,False,False
134,18,111792,0.9058911047877604,1,6210.666666666667,16.306039886179686,False,True,True,False,False,False
135,22,77854,0.7699447002516789,1,3538.818181818182,16.938783405536938,False,False,False,False,False,True
136,43,60262,0.5566370579367172,1,1401.4418604651162,23.93539349127884,True,False,False,False,False,True
137,31,57080,0.2556449978092723,1,1841.2903225806451,7.924994932087442,False,False,False,True,False,False
138,56,21324,0.302060501834795,0,380.7857142857143,16.91538810274852,True,False,False,False,True,False
139,44,111267,0.7319580675856345,0,2528.7954545454545,32.20615497376792,False,False,True,False,False,False
140,26,55909,0.8511742608527708,1,2150.346153846154,22.13053078217204,True,False,False,True,False,False
141,32,109339,0.6714246695306144,1,3416.84375,21.48558942497966,False,True,False,False,True,False
142,32,39870,0.8095299757684418,0,1245.9375,25.904959224590137,True,False,False,False,False,False
143,43,54578,0.766656135200406,1,1269.2558139534883,32.96621381361746,False,False,False,False,False,True
144,59,92124,0.1497039679569577,0,1561.4237288135594,8.832534109460504,False,False,False,False,True,False
145,30,46790,0.423944812913302,1,1559.6666666666667,12.71834438739906,True,False,False,False,False,False
146,49,45289,0.1529838008285626,1,924.265306122449,7.496206240599568,False,True,False,False,True,False
147,56,75129,0.2352355848019848,1,1341.5892857142858,13.173192748911148,False,True,False,False,False,True
148,49,113714,0.8692596246510526,1,2320.6938775510203,42.59372160790158,True,False,False,False,False,True
149,21,114246,0.4728919656331821,1,5440.285714285715,9.930731278296824,True,False,False,True,False,False
150,47,35485,0.5353581018426609,1,755.0,25.161830786605062,False,False,True,False,False,False
151,54,64482,0.1784459652277721,1,1194.111111111111,9.636082122299692,False,True,False,False,True,False
152,40,106188,0.312271786048796,0,2654.7,12.49087144195184,True,False,False,False,True,False
153,56,24748,0.2302461684278699,0,441.92857142857144,12.893785431960715,False,True,False,False,False,False
154,62,106769,0.2061861645184264,0,1722.0806451612902,12.783542200142437,True,False,False,False,False,True
155,32,29435,0.6379607933159701,1,919.84375,20.414745386111044,True,False,False,False,True,False
156,60,23709,0.2568838476457148,1,395.15,15.41303085874289,False,True,False,False,False,True
157,46,50355,0.6320154860204185,1,1094.6739130434783,29.07271235693925,True,False,False,False,True,False
158,53,75771,0.0584546141085539,1,1429.6415094339623,3.0980945477533566,True,False,False,True,False,False
159,30,77799,0.1417743935271018,1,2593.3,4.253231805813054,False,False,True,False,False,False
160,49,33116,0.2745402540001254,1,675.8367346938776,13.452472446006144,True,False,False,False,True,False
161,24,45470,0.5970469168956917,1,1894.5833333333333,14.329126005496601,True,False,False,False,False,True
162,39,62344,0.675841245087376,0,1598.5641025641025,26.357808558407662,True,False,False,True,False,False
163,45,62918,0.4427169667795271,1,1398.1777777777777,19.92226350507872,False,False,False,False,True,False
164,19,72224,0.4457909145772289,0,3801.2631578947367,8.47002737696735,False,True,False,False,False,False
165,59,59298,0.7245168513986181,0,1005.0508474576271,42.746494232518465,False,False,True,False,False,False
166,62,100219,0.0158210917655824,1,1616.4354838709678,0.9809076894661087,False,False,False,False,True,False
167,23,81629,0.3410900244742205,1,3549.086956521739,7.845070562907071,False,True,False,True,False,False
168,45,86040,0.8187070571192328,0,1912.0,36.84181757036547,False,False,False,False,False,False
169,45,119518,0.6032194102133722,0,2655.9555555555557,27.14487345960175,False,True,False,True,False,False
170,61,119835,0.3372271327554204,1,1964.5081967213114,20.570855098080642,False,False,False,True,False,False
171,61,48016,0.905524792329674,1,787.1475409836065,55.23701233211011,False,True,False,False,False,False
172,37,43960,0.7726227274493825,0,1188.1081081081081,28.587040915627153,True,False,False,True,False,False
173,47,53591,0.2648954472367334,1,1140.2340425531916,12.45008602012647,False,False,False,False,False,False
174,28,102848,0.6452898375257169,1,3673.1428571428573,18.06811545072007,False,False,False,False,True,False
175,45,87641,0.5957507281889567,1,1947.5777777777778,26.80878276850305,False,False,False,False,False,False
176,42,56395,0.4011879140389827,0,1342.7380952380952,16.849892389637272,False,False,False,False,False,False
177,56,42700,0.3669560792048006,0,762.5,20.549540435468835,True,False,True,False,False,False
178,50,54620,0.3435604747757039,0,1092.4,17.178023738785196,False,False,False,False,False,False
179,18,40559,0.6171557833956468,1,2253.277777777778,11.108804101121642,True,False,False,False,False,False
180,44,113045,0.4424099364806695,1,2569.2045454545455,19.46603720514946,True,False,False,False,True,False
181,30,113396,0.831863113251422,0,3779.866666666667,24.95589339754266,True,False,True,False,False,False
182,58,81642,0.6696026161339619,0,1407.6206896551723,38.83695173576979,True,False,False,False,False,True
183,20,96539,0.0699316057094341,0,4826.95,1.3986321141886822,False,True,False,False,True,False
184,56,41732,0.6401682238281661,1,745.2142857142857,35.8494205343773,False,True,False,False,True,False
185,23,111362,0.2711474365001848,0,4841.826086956522,6.236391039504251,False,False,False,False,False,True
186,25,50354,0.5928119916534227,0,2014.16,14.820299791335568,False,True,False,False,False,False
187,44,33843,0.6801319311034514,1,769.1590909090909,29.925804968551862,False,True,False,True,False,False
188,26,91726,0.230829189154012,1,3527.923076923077,6.001558918004312,False,False,True,False,False,False
189,54,37640,0.4568586448803686,1,697.0370370370371,24.670366823539904,False,False,False,True,False,False
190,50,72528,0.1903248628190678,0,1450.56,9.51624314095339,False,False,False,False,False,True
191,59,58413,0.0523388757865083,1,990.0508474576271,3.0879936714039897,False,True,False,False,True,False
192,61,72638,0.3784764234858691,1,1190.7868852459017,23.087061832638014,False,True,False,False,True,False
193,41,72736,0.362944271845992,0,1774.0487804878048,14.880715145685672,False,False,True,False,False,False
194,32,88866,0.995480490704257,1,2777.0625,31.855375702536225,True,False,False,False,True,False
195,49,39087,0.4463523511976421,0,797.6938775510204,21.871265208684463,False,False,False,False,True,False
196,49,61430,0.3335695494722004,0,1253.6734693877552,16.34490792413782,True,False,True,False,False,False
197,41,44504,0.5804750067166746,1,1085.4634146341464,23.79947527538366,True,False,True,False,False,False
198,58,27114,0.0887673941077684,1,467.48275862068965,5.148508858250567,False,False,False,False,False,True
199,29,98859,0.9616657359548132,1,3408.9310344827586,27.88830634268958,False,False,False,False,True,False
200,56,119657,0.6349600455910331,1,2136.7321428571427,35.55776255309786,False,False,False,False,True,False
201,19,30975,0.7548378199408478,1,1630.2631578947369,14.341918578876108,False,True,False,False,False,True
202,20,31023,0.1704779381739175,1,1551.15,3.4095587634783495,True,False,False,False,False,False
203,54,41447,0.4094778530052039,0,767.5370370370371,22.11180406228101,False,True,False,False,False,False
204,34,110469,0.4226891133961895,0,3249.0882352941176,14.371429855470442,False,True,False,False,False,False
205,19,43959,0.8218064439010868,1,2313.6315789473683,15.61432243412065,False,False,False,False,False,True
206,19,86203,0.0012366797594094,0,4537.0,0.0234969154287786,False,True,False,False,True,False
207,45,49703,0.300853108353255,1,1104.5111111111112,13.538389875896476,False,False,False,False,False,True
208,40,29337,0.981236374344304,0,733.425,39.24945497377216,True,False,False,False,False,True
209,54,66427,0.4748865435062186,0,1230.1296296296296,25.643873349335806,False,False,False,False,False,False
210,49,81529,0.3825262802440082,0,1663.857142857143,18.743787731956402,False,True,False,True,False,False
211,50,104665,0.1198290020176463,1,2093.3,5.991450100882315,False,True,False,False,True,False
212,18,51921,0.9741646286280156,0,2884.5,17.53496331530428,False,False,False,False,False,False
213,36,53307,0.0200263559258244,1,1480.75,0.7209488133296784,False,False,False,True,False,False
214,19,47355,0.7371802250072431,0,2492.3684210526317,14.006424275137618,False,True,False,True,False,False
215,61,24835,0.7685998047885084,0,407.1311475409836,46.884588092099015,True,False,True,False,False,False
216,43,40159,0.2436567160638666,0,933.9302325581396,10.477238790746265,True,False,False,False,True,False
217,49,67605,0.6715584436130373,0,1379.6938775510205,32.90636373703883,False,False,False,True,False,False
218,23,58088,0.0929291443793899,0,2525.5652173913045,2.1373703207259678,True,False,False,False,False,False
219,49,98752,0.2570472664320798,1,2015.3469387755101,12.59531605517191,False,True,True,False,False,False
220,21,75284,0.787901988292265,1,3584.9523809523807,16.545941754137566,False,False,False,False,True,False
221,28,77043,0.8646861920335402,0,2751.535714285714,24.211213376939128,False,True,False,False,False,True
222,34,55547,0.6084864126597913,0,1633.735294117647,20.688538030432905,False,True,False,False,False,False
223,55,117007,0.5068384318204826,0,2127.4,27.876113750126542,True,False,False,True,False,False
224,41,102844,0.1593040206189803,0,2508.390243902439,6.531464845378192,False,False,False,True,False,False
225,22,47532,0.0631090330791501,1,2160.5454545454545,1.3883987277413021,False,False,False,False,False,False
226,51,54349,0.1176490284735586,0,1065.6666666666667,6.0001004521514885,True,False,False,True,False,False
227,23,65445,0.2273573000960987,1,2845.4347826086955,5.22921790221027,False,True,True,False,False,False
228,39,25713,0.3416745018969208,0,659.3076923076923,13.325305573979911,False,True,False,False,True,False
229,28,76178,0.3809095255109872,1,2720.6428571428573,10.665466714307643,False,True,True,False,False,False
230,33,69407,0.3463217685890035,0,2103.242424242424,11.428618363437115,False,True,False,True,False,False
231,50,90340,0.2390553321972656,0,1806.8,11.95276660986328,False,False,False,False,False,True
232,26,70990,0.5097242467516981,1,2730.3846153846152,13.252830415544151,False,False,False,False,True,False
233,23,95672,0.8252861082328968,0,4159.652173913043,18.981580489356627,True,False,False,False,True,False
234,33,85545,0.2797035384714792,0,2592.2727272727275,9.230216769558814,True,False,False,False,False,False
235,46,104791,0.9423870191022332,0,2278.0652173913045,43.349802878702725,False,False,False,False,False,False
236,20,78141,0.8733366617238478,1,3907.05,17.466733234476955,False,False,False,False,False,True
237,37,43793,0.1617642113521096,0,1183.5945945945946,5.985275820028056,False,True,False,False,True,False
238,53,76570,0.7862759567570945,0,1444.7169811320755,41.672625708126006,False,True,False,False,False,True
239,36,115084,0.5745873823177666,1,3196.777777777778,20.6851457634396,True,False,False,False,False,False
240,43,57892,0.5665753621714186,1,1346.3255813953488,24.362740573371,False,False,False,False,False,False
241,20,21015,0.3910427630581744,1,1050.75,7.820855261163489,True,False,False,False,True,False
242,36,81813,0.5011529991820097,0,2272.5833333333335,18.04150797055235,False,False,True,False,False,False
243,37,47712,0.397178777429211,0,1289.5135135135135,14.695614764880807,False,True,False,True,False,False
244,49,28415,0.5397326187599428,0,579.8979591836735,26.4468983192372,True,False,False,False,False,False
245,24,82292,0.6279500527726358,1,3428.8333333333335,15.07080126654326,True,False,False,False,False,False
246,58,43833,0.6743038064090484,0,755.7413793103449,39.109620771724806,False,False,True,False,False,False
247,50,24158,0.5324811925594262,0,483.16,26.62405962797131,False,True,True,False,False,False
248,57,82680,0.7214220673287317,1,1450.5263157894738,41.12105783773771,True,False,False,False,False,True
249,56,40309,0.1412780492755058,1,719.8035714285714,7.911570759428325,False,True,False,False,False,True
250,35,26970,0.2119824909022385,1,770.5714285714286,7.419387181578347,True,False,False,True,False,False
251,57,92474,0.8187350040742701,1,1622.3508771929824,46.6678952322334,False,True,False,True,False,False
252,18,106704,0.3225279778464152,1,5928.0,5.805503601235474,False,False,False,False,True,False
253,28,66540,0.0228938249761202,0,2376.4285714285716,0.6410270993313656,True,False,False,False,False,True
254,45,40384,0.1537911496680311,1,897.4222222222222,6.920601735061399,True,False,False,False,False,False
255,42,38017,0.2236144344963112,0,905.1666666666666,9.39180624884507,False,True,False,False,False,True
256,40,95880,0.9573228878945872,0,2397.0,38.29291551578349,False,True,False,False,False,False
257,48,28702,0.5730414289308493,1,597.9583333333334,27.505988588680765,True,False,True,False,False,False
258,47,20384,0.9327307404762548,1,433.70212765957444,43.83834480238398,False,False,False,False,False,True
259,59,20404,0.5751633504966249,1,345.8305084745763,33.93463767930087,False,True,True,False,False,False
260,52,60943,0.4793544401378518,0,1171.9807692307693,24.926430887168294,False,True,False,True,False,False
261,24,67926,0.313727691194096,1,2830.25,7.529464588658303,False,True,False,True,False,False
262,33,49189,0.6063709444333756,1,1490.5757575757575,20.010241166301395,True,False,False,False,True,False
263,43,32763,0.1391980246175298,1,761.9302325581396,5.985515058553782,True,False,False,False,False,True
264,19,38384,0.898261627292706,1,2020.2105263157894,17.066970918561413,True,False,True,False,False,False
265,18,80100,0.8293324051412837,1,4450.0,14.927983292543107,True,False,False,False,False,False
266,29,118142,0.317531447876737,0,4073.862068965517,9.208411988425372,False,False,False,True,False,False
267,22,29860,0.9527975276012944,0,1357.2727272727273,20.961545607228476,False,False,False,True,False,False
268,54,100642,0.8252007674155681,0,1863.7407407407406,44.56084144044068,True,False,False,False,False,False
269,49,70612,0.6663068858350397,1,1441.061224489796,32.64903740591695,False,False,True,False,False,False
270,26,43574,0.1217619111252747,1,1675.923076923077,3.165809689257142,False,True,True,False,False,False
271,58,43524,0.4782340230480723,1,750.4137931034483,27.73757333678819,False,True,False,False,False,True
272,52,89172,0.5061075548467509,0,1714.8461538461538,26.317592852031044,False,True,False,False,False,True
273,36,30916,0.2325513583653801,1,858.7777777777778,8.371848901153683,True,False,False,False,True,False
274,33,24809,0.0799653943593019,1,751.7878787878788,2.6388580138569626,False,True,False,True,False,False
275,20,52201,0.7767236304716927,1,2610.05,15.534472609433854,False,False,False,False,False,True
276,37,73330,0.122035052124395,0,1981.8918918918919,4.515296928602615,True,False,True,False,False,False
277,41,33456,0.5942907505617747,1,816.0,24.365920773032762,False,False,False,False,False,False
278,50,76397,0.9364491738836606,0,1527.94,46.82245869418303,False,True,True,False,False,False
279,41,58765,0.8761051925980425,1,1433.2926829268292,35.92031289651975,False,True,False,True,False,False
280,28,54816,0.2777526237492611,0,1957.7142857142858,7.77707346497931,False,True,True,False,False,False
281,25,65106,0.8514486375512653,0,2604.24,21.286215938781634,True,False,False,False,True,False
282,53,73932,0.0003325061204894,0,1394.9433962264152,0.0176228243859382,False,False,False,True,False,False
283,55,37100,0.0176878096132572,1,674.5454545454545,0.9728295287291461,True,False,False,False,False,False
284,57,77091,0.602553163842865,1,1352.4736842105262,34.3455303390433,True,False,False,False,True,False
285,37,41949,0.3647982191445295,0,1133.7567567567567,13.49753410834759,False,True,False,True,False,False
286,52,90080,0.3864608411591471,0,1732.3076923076924,20.09596374027565,True,False,False,False,False,False
287,42,57744,0.5644410906788825,1,1374.857142857143,23.706525808513064,True,False,False,False,True,False
288,52,65543,0.1917824555918605,1,1260.4423076923076,9.972687690776747,False,True,False,False,True,False
289,42,112193,0.2117553506654783,0,2671.2619047619046,8.893724727950088,True,False,False,True,False,False
290,46,56187,0.4846015870188647,1,1221.4565217391305,22.291673002867775,False,True,False,False,False,True
291,35,27239,0.754253544343863,1,778.2571428571429,26.398874052035207,False,True,False,False,True,False
292,63,34489,0.6194977514075877,1,547.4444444444445,39.028358338678025,False,True,False,False,True,False
293,35,78017,0.2973550482368389,1,2229.057142857143,10.40742668828936,False,True,False,False,False,False
294,19,81877,0.4303371775089212,0,4309.315789473684,8.176406372669502,True,False,True,False,False,False
295,52,63125,0.1706647585499984,1,1213.9423076923076,8.874567444599917,False,True,False,True,False,False
296,33,69922,0.0746298143370817,1,2118.848484848485,2.462783873123696,False,True,False,True,False,False
297,58,114074,0.7826960407441492,0,1966.7931034482758,45.396370363160656,True,False,False,False,False,True
298,53,52049,0.2653874091881946,0,982.0566037735849,14.065532686974313,True,False,False,False,False,True
299,50,57131,0.1777663878512482,1,1142.62,8.88831939256241,False,False,False,True,False,False
300,21,62944,0.6916180555693193,1,2997.3333333333335,14.523979166955705,True,False,False,False,False,True
301,50,93963,0.618051674287186,1,1879.26,30.9025837143593,True,False,False,False,False,False
302,31,44285,0.6331896260134641,1,1428.5483870967741,19.628878406417385,False,False,False,True,False,False
303,38,57626,0.2288946048466136,0,1516.4736842105262,8.697994984171316,True,False,False,False,False,True
304,37,62808,0.232645538562681,0,1697.5135135135135,8.607884926819198,True,False,False,True,False,False
305,25,108464,0.2208026297856391,0,4338.56,5.520065744640978,True,False,True,False,False,False
306,24,73871,0.1737525956622945,1,3077.9583333333335,4.170062295895068,True,False,False,False,True,False
307,20,39198,0.6557236725616563,1,1959.9,13.114473451233126,False,False,False,True,False,False
308,34,39758,0.8480158852494014,1,1169.3529411764705,28.832540098479647,True,False,False,False,True,False
309,50,35254,0.7243174696766612,1,705.08,36.215873483833064,True,False,False,False,False,True
310,29,64238,0.7920936337605432,0,2215.103448275862,22.970715379055754,False,False,False,False,True,False
311,39,21252,0.4047984290851998,0,544.9230769230769,15.787138734322792,False,True,False,True,False,False
312,39,59764,0.6540757953719981,1,1532.4102564102564,25.508956019507927,False,False,True,False,False,False
313,63,97709,0.3542362404447745,0,1550.936507936508,22.316883148020793,False,True,False,False,False,True
314,47,57441,0.52550462196864,1,1222.1489361702127,24.69871723252608,False,False,False,True,False,False
315,55,112234,0.4816348465348623,1,2040.6181818181817,26.489916559417427,False,False,False,False,False,True
316,55,73682,0.1768871451438544,0,1339.6727272727273,9.728792982911992,True,False,False,False,False,False
317,62,79494,0.3870787603356308,1,1282.1612903225807,23.99888314080911,False,True,False,False,True,False
318,25,101317,0.963822275482351,1,4052.68,24.095556887058773,True,False,False,False,False,False
319,44,85215,0.248580257714942,0,1936.7045454545455,10.937531339457447,False,True,False,True,False,False
320,44,98587,0.1338037362794887,1,2240.6136363636365,5.887364396297502,False,False,True,False,False,False
321,51,26949,0.4185806216239353,1,528.4117647058823,21.3476117028207,False,False,False,False,False,True
322,38,75393,0.7903377358601481,0,1984.0263157894738,30.03283396268563,False,True,False,False,True,False
323,47,93553,0.5821482297799723,1,1990.4893617021276,27.360966799658698,True,False,False,False,False,True
324,50,26941,0.6809748272382445,0,538.82,34.04874136191223,True,False,False,True,False,False
325,45,45934,0.1896948481746772,1,1020.7555555555556,8.536268167860474,True,False,False,False,False,True
326,64,43386,0.6189481930077215,0,677.90625,39.61268435249418,True,False,False,False,True,False
327,50,81886,0.3235003949114737,0,1637.72,16.175019745573685,False,False,False,True,False,False
328,22,95745,0.8343033659547675,0,4352.045454545455,18.354674051004885,False,False,False,False,False,True
329,36,103251,0.6292988060107362,1,2868.0833333333335,22.6547570163865,False,False,True,False,False,False
330,21,114456,0.1988562777752959,0,5450.285714285715,4.175981833281214,False,False,False,True,False,False
331,52,73413,0.0646166798440861,0,1411.7884615384614,3.3600673518924773,False,False,False,True,False,False
332,34,76800,0.0426332092870327,0,2258.823529411765,1.449529115759112,True,False,True,False,False,False
333,61,117239,0.3714085676501407,0,1921.950819672131,22.655922626658583,True,False,False,False,False,False
334,45,62318,0.2658511366543135,0,1384.8444444444444,11.963301149444106,True,False,False,False,True,False
335,47,90173,0.646090123462508,1,1918.5744680851064,30.36623580273788,True,False,False,False,False,False
336,46,90390,0.4993338349786183,1,1965.0,22.96935640901644,False,False,False,False,False,True
337,63,72329,0.2660192780053807,1,1148.079365079365,16.759214514338986,False,False,True,False,False,False
338,23,63088,0.1492377779501761,1,2742.9565217391305,3.4324688928540503,False,False,False,False,False,False
339,52,59811,0.1271997626874496,1,1150.2115384615386,6.614387659747379,False,True,False,True,False,False
340,58,75479,0.8646603921404177,1,1301.3620689655172,50.15030274414423,True,False,False,False,False,True
341,54,105392,0.2434779684048672,1,1951.7037037037037,13.147810293862829,True,False,False,False,False,True
342,41,107369,0.6517106479109683,0,2618.756097560976,26.7201365643497,False,False,False,False,False,False
343,46,39963,0.8106859279862663,1,868.7608695652174,37.291552687368245,True,False,False,False,False,False
344,63,75123,0.6140813111847361,0,1192.4285714285713,38.687122604638375,True,False,True,False,False,False
345,48,112705,0.8595652316469458,0,2348.0208333333335,41.25913111905339,False,False,False,False,True,False
346,52,93477,0.3923937215284745,1,1797.6346153846155,20.404473519480675,False,True,False,False,False,False
347,50,34388,0.9562221906489484,0,687.76,47.81110953244742,False,True,False,False,False,False
348,38,25569,0.1331450041780969,0,672.8684210526316,5.059510158767683,False,True,False,True,False,False
349,49,89836,0.1021495296575381,0,1833.3877551020407,5.005326953219367,False,False,False,False,False,True
350,40,56586,0.6586921462074435,0,1414.65,26.347685848297743,True,False,False,False,True,False
351,50,32015,0.9428311414132616,1,640.3,47.14155707066308,False,False,False,True,False,False
352,20,65002,0.8088834616363281,1,3250.1,16.17766923272656,False,False,True,False,False,False
353,35,26254,0.0764168594380514,1,750.1142857142858,2.6745900803317992,True,False,True,False,False,False
354,42,37144,0.2793677139347164,1,884.3809523809524,11.733443985258088,False,True,False,False,False,False
355,59,44214,0.9303188848378235,1,749.3898305084746,54.888814205431586,False,True,False,False,False,False
356,48,100719,0.2530584328007845,1,2098.3125,12.146804774437655,False,False,True,False,False,False
357,20,91774,0.7811704237869193,1,4588.7,15.623408475738385,False,True,False,False,False,False
358,57,26090,0.8251321959287038,1,457.719298245614,47.03253516793612,False,False,False,False,True,False
359,63,31637,0.4954521034609818,1,502.1746031746032,31.213482518041854,False,False,False,False,False,False
360,41,42415,0.3863489098483155,1,1034.5121951219512,15.840305303780935,True,False,False,False,False,True
361,49,44071,0.4501244324197596,0,899.4081632653061,22.05609718856822,True,False,False,False,False,False
362,64,78243,0.2269646943653641,1,1222.546875,14.525740439383302,True,False,False,True,False,False
363,39,61240,0.8893909161288442,0,1570.2564102564102,34.686245729024925,False,False,False,False,True,False
364,40,103807,0.4506196567297579,0,2595.175,18.024786269190315,True,False,False,True,False,False
365,19,53434,0.8824594404560998,0,2812.315789473684,16.766729368665896,False,True,False,True,False,False
366,44,89724,0.105693479906274,0,2039.1818181818182,4.6505131158760555,False,True,False,False,False,True
367,59,95697,0.9882752710001314,1,1621.9830508474577,58.30824098900775,False,False,False,False,True,False
368,19,48732,0.4432730874436182,0,2564.842105263158,8.422188661428747,False,False,False,False,True,False
369,43,31314,0.0478308203941054,1,728.2325581395348,2.056725276946532,True,False,False,False,True,False
370,34,43954,0.0380218482374549,1,1292.764705882353,1.2927428400734666,False,False,False,False,True,False
371,57,77108,0.7462072574818386,0,1352.7719298245613,42.5338136764648,False,False,False,False,True,False
372,50,107044,0.6590355342036808,1,2140.88,32.95177671018404,False,True,False,False,False,True
373,26,107505,0.8021305581275875,0,4134.807692307692,20.855394511317275,False,True,False,False,False,False
374,60,56668,0.1053675339528059,0,944.4666666666667,6.322052037168354,True,False,False,True,False,False
375,56,43061,0.0355708670355483,1,768.9464285714286,1.9919685539907048,False,False,False,False,True,False
376,46,99252,0.5085792894475785,1,2157.6521739130435,23.39464731458861,False,False,False,False,False,False
377,59,59749,0.3875952314827695,0,1012.6949152542373,22.8681186574834,False,True,False,False,False,False
378,43,36907,0.4619469366709557,1,858.3023255813954,19.863718276851095,False,False,False,True,False,False
379,52,38777,0.991588408870274,1,745.7115384615385,51.56259726125425,False,True,False,False,False,True
380,42,113229,0.9707499576706702,1,2695.9285714285716,40.77149822216815,True,False,True,False,False,False
381,41,71745,0.9423153896731928,0,1749.878048780488,38.634930976600906,False,True,True,False,False,False
382,30,111865,0.7838426767676738,0,3728.8333333333335,23.515280303030217,False,False,False,False,False,False
383,24,101818,0.3548413602568904,1,4242.416666666667,8.516192646165369,True,False,False,True,False,False
384,53,43624,0.4121309302627716,1,823.0943396226415,21.842939303926894,False,True,True,False,False,False
385,62,43321,0.5496160437189245,1,698.7258064516129,34.07619471057332,False,True,False,False,False,False
386,37,30488,0.8305344564048399,1,824.0,30.729774886979076,True,False,False,False,False,True
387,18,42574,0.0687128325182677,1,2365.222222222222,1.2368309853288184,True,False,True,False,False,False
388,25,25240,0.4242968858848881,0,1009.6,10.607422147122204,False,True,False,False,False,False
389,63,63221,0.0826176634592686,1,1003.5079365079365,5.204912797933922,False,False,False,False,False,False
390,33,30478,0.5146575865735116,0,923.5757575757576,16.983700356925883,False,True,False,False,True,False
391,31,75645,0.8989008240062354,1,2440.1612903225805,27.865925544193296,True,False,False,False,False,True
392,29,39262,0.7824849245639379,0,1353.8620689655172,22.692062812354198,False,True,False,False,True,False
393,40,72796,0.2278424175431099,1,1819.9,9.113696701724397,True,False,False,True,False,False
394,32,24432,0.9759908495987925,0,763.5,31.23170718716136,True,False,False,False,True,False
395,45,115257,0.6673503980464284,1,2561.266666666667,30.030767912089278,False,False,False,False,True,False
396,51,84291,0.010427699397403,0,1652.764705882353,0.531812669267553,True,False,True,False,False,False
397,19,99104,0.2554134846852195,0,5216.0,4.852856209019171,True,False,False,False,False,False
398,49,79399,0.2607132999199165,0,1620.3877551020407,12.774951696075908,False,False,False,False,False,True
399,40,99714,0.0692543062858599,0,2492.85,2.7701722514343965,True,False,False,False,True,False
400,39,70428,0.959826518075929,0,1805.8461538461538,37.43323420496123,False,False,False,False,False,True
401,42,107731,0.4782552945759237,0,2565.0238095238096,20.086722372188795,False,False,False,False,True,False
402,39,20302,0.895814597371882,1,520.5641025641025,34.936769297503396,True,False,False,True,False,False
403,39,102558,0.3222155034446283,0,2629.6923076923076,12.566404634340504,True,False,False,False,True,False
404,59,20055,0.1252335704328271,1,339.91525423728814,7.388780655536799,False,True,True,False,False,False
405,23,28717,0.4743361099062139,1,1248.5652173913043,10.90973052784292,False,False,False,False,False,False
406,32,48699,0.1139566347143171,1,1521.84375,3.6466123108581474,False,True,False,True,False,False
407,60,93686,0.4860155029775399,1,1561.4333333333334,29.160930178652396,True,False,False,False,True,False
408,54,87661,0.9202971812194076,1,1623.351851851852,49.69604778584801,False,True,False,False,False,True
409,50,64247,0.5207681418342127,0,1284.94,26.038407091710635,False,False,False,True,False,False
410,25,36748,0.6164997268950835,0,1469.92,15.412493172377086,False,True,False,True,False,False
411,61,24621,0.1566384369738083,0,403.62295081967216,9.554944655402306,False,False,False,False,True,False
412,61,35034,0.0437356258799694,1,574.327868852459,2.667873178678134,True,False,False,True,False,False
413,22,25126,0.110807962179807,0,1142.090909090909,2.437775167955754,True,False,False,False,False,True
414,56,25122,0.5985315756843657,0,448.60714285714283,33.51776823832448,False,False,False,True,False,False
415,21,38030,0.0950116989923046,0,1810.952380952381,1.9952456788383968,True,False,False,False,False,True
416,23,102838,0.3759928899413114,0,4471.217391304348,8.647836468650162,True,False,False,False,True,False
417,62,104717,0.550091940458156,0,1688.983870967742,34.10570030840567,True,False,False,False,False,False
418,49,75658,0.388652798629847,1,1544.0408163265306,19.0439871328625,True,False,False,True,False,False
419,47,58638,0.1636838014653014,0,1247.6170212765958,7.693138668869166,False,False,False,False,False,False
420,64,87067,0.2737913075141065,1,1360.421875,17.522643680902817,False,True,False,False,False,True
421,52,108869,0.928317532848577,1,2093.6346153846152,48.272511708126004,False,True,False,True,False,False
422,57,54674,0.6759822755863554,1,959.1929824561404,38.530989708422254,True,False,True,False,False,False
423,33,55854,0.4960478386798865,1,1692.5454545454545,16.369578676436255,False,True,False,False,False,False
424,30,66271,0.0127148899868935,1,2209.0333333333333,0.381446699606805,False,True,False,True,False,False
425,59,93688,0.9924154004894702,0,1587.9322033898304,58.55250862887874,True,False,False,False,False,False
426,47,58518,0.6714549348946433,0,1245.063829787234,31.558381940048232,True,False,False,True,False,False
427,36,30267,0.3169224773449449,0,840.75,11.409209184418016,False,True,False,False,True,False
428,34,110825,0.8792686599978382,1,3259.5588235294117,29.895134439926498,False,False,False,False,False,False
429,36,21062,0.2584316202918181,0,585.0555555555555,9.303538330505452,True,False,True,False,False,False
430,45,70448,0.5440165791827516,0,1565.5111111111112,24.480746063223823,False,False,True,False,False,False
431,43,115462,0.6360707637298251,1,2685.1627906976746,27.35104284038248,False,True,False,False,False,True
432,54,26229,0.2210633714537284,1,485.72222222222223,11.937422058501333,True,False,False,True,False,False
433,43,76793,0.978397278800596,1,1785.8837209302326,42.07108298842563,False,False,False,False,False,False
434,40,67915,0.7481919059789975,1,1697.875,29.9276762391599,True,False,False,False,False,True
435,26,24632,0.5578132255110699,0,947.3846153846154,14.503143863287818,False,True,False,False,False,False
436,29,23596,0.1805945981753008,1,813.6551724137931,5.237243347083723,False,False,False,True,False,False
437,18,26168,0.0538582069980261,1,1453.7777777777778,0.9694477259644698,False,True,True,False,False,False
438,18,27561,0.3200598325209834,0,1531.1666666666667,5.761076985377701,False,True,False,False,True,False
439,64,93794,0.7531873359134028,0,1465.53125,48.20398949845778,True,False,True,False,False,False
440,51,102152,0.269331298302025,1,2002.9803921568628,13.735896213403276,False,False,False,False,False,True
441,49,46734,0.5395562204955051,0,953.7551020408164,26.43825480427975,False,True,False,False,True,False
442,42,26371,0.7279471767307432,1,627.8809523809524,30.573781422691212,False,True,False,False,False,True
443,57,46069,0.1079437146464643,1,808.2280701754386,6.152791734848464,False,False,False,True,False,False
444,62,99905,0.6852980161158734,0,1611.3709677419354,42.48847699918415,False,True,False,False,True,False
445,18,32910,0.0918708877100447,0,1828.3333333333333,1.6536759787808046,False,True,False,False,False,True
446,33,93479,0.9651297421269964,1,2832.6969696969695,31.849281490190883,False,False,False,True,False,False
447,56,97735,0.4883941300649396,1,1745.267857142857,27.350071283636616,False,False,True,False,False,False
448,22,101264,0.1506761077098773,1,4602.909090909091,3.3148743696173004,False,False,False,True,False,False
449,39,43275,0.3423836360335465,0,1109.6153846153845,13.352961805308313,False,False,False,False,False,False
450,46,92274,0.4134164492952614,1,2005.9565217391305,19.017156667582025,True,False,False,True,False,False
451,20,101449,0.7581850110765374,1,5072.45,15.163700221530746,False,False,False,True,False,False
452,29,80004,0.7434237860766093,1,2758.7586206896553,21.55928979622167,True,False,False,False,False,False
453,43,82981,0.611940505337331,1,1929.7906976744187,26.313441729505232,True,False,False,False,False,True
454,33,104659,0.1059307125584929,1,3171.4848484848485,3.495713514430266,True,False,False,False,False,True
455,54,74553,0.1515693715876735,0,1380.611111111111,8.18474606573437,False,True,False,True,False,False
456,39,68447,0.0937569206455566,1,1755.051282051282,3.6565199051767077,True,False,False,False,False,False
457,46,54529,0.5771727832875501,1,1185.4130434782608,26.549948031227302,True,False,False,False,False,False
458,31,95703,0.877138441511404,1,3087.1935483870966,27.19129168685352,False,True,True,False,False,False
459,45,96090,0.4338005122547718,1,2135.3333333333335,19.52102305146473,False,True,False,False,False,True
460,22,37260,0.1608481739577462,0,1693.6363636363637,3.5386598270704166,False,True,False,False,True,False
461,64,23812,0.558042325148967,0,372.0625,35.71470880953389,False,False,False,False,False,True
462,47,48024,0.8117522168657099,0,1021.7872340425532,38.152354192688364,False,True,False,False,False,True
463,63,78656,0.74171206151293,1,1248.5079365079366,46.72785987531459,False,True,True,False,False,False
464,22,47285,0.8814507796750214,1,2149.318181818182,19.39191715285047,True,False,False,False,True,False
465,29,112436,0.2779020972488678,0,3877.103448275862,8.059160820217166,False,True,True,False,False,False
466,33,21605,0.1939538672677748,0,654.6969696969697,6.400477619836568,False,False,False,False,True,False
467,43,91158,0.8798164859419387,0,2119.953488372093,37.83210889550337,False,True,False,True,False,False
468,43,92303,0.6575603127780231,1,2146.5813953488373,28.275093449454992,False,False,False,False,True,False
469,38,47139,0.3109289300075541,1,1240.5,11.815299340287057,False,True,True,False,False,False
470,56,97149,0.7423480505725092,0,1734.8035714285713,41.57149083206051,False,True,False,False,False,True
471,53,76138,0.8151183844803679,0,1436.566037735849,43.2012743774595,False,True,False,False,True,False
472,50,96125,0.6149782403411324,0,1922.5,30.748912017056618,False,True,False,False,True,False
473,47,33918,0.6878841098799151,1,721.6595744680851,32.33055316435601,False,False,False,False,False,False
474,54,105655,0.3752599044426663,1,1956.5740740740741,20.26403483990398,False,False,False,False,False,True
475,40,47446,0.5386956673430391,1,1186.15,21.547826693721564,True,False,False,True,False,False
476,27,33046,0.5241591707261622,0,1223.9259259259259,14.15229760960638,False,False,True,False,False,False
477,22,44818,0.8480477911307719,0,2037.1818181818182,18.65705140487698,False,True,False,True,False,False
478,53,24324,0.8399639802821826,1,458.9433962264151,44.518090954955674,True,False,False,False,False,True
479,51,96323,0.8326804693470432,0,1888.686274509804,42.466703936699204,True,False,False,False,True,False
480,48,29111,0.0110316142624657,1,606.4791666666666,0.5295174845983537,True,False,False,False,True,False
481,27,58110,0.7495454844688882,0,2152.222222222222,20.237728080659984,False,True,False,False,False,True
482,36,36389,0.7586763901110049,0,1010.8055555555555,27.312350043996176,False,False,False,False,True,False
483,49,61427,0.6783788228551418,0,1253.6122448979593,33.24056231990195,False,True,False,False,True,False
484,18,99579,0.7562646578914526,0,5532.166666666667,13.612763842046146,True,False,False,False,True,False
485,22,48746,0.8419703714967087,1,2215.7272727272725,18.52334817292759,False,True,True,False,False,False
486,62,107886,0.4703190541017856,0,1740.0967741935483,29.159781354310706,False,True,True,False,False,False
487,21,20117,0.5020502134884471,1,957.952380952381,10.54305448325739,False,False,False,False,False,False
488,33,104471,0.1247140569113904,1,3165.787878787879,4.115563878075883,False,False,False,True,False,False
489,41,33234,0.3853758830473618,1,810.5853658536586,15.800411204941835,True,False,False,False,False,True
490,33,73441,0.6433651799117843,0,2225.4848484848485,21.23105093708888,False,True,False,False,False,True
491,19,20846,0.7803997761472745,1,1097.157894736842,14.827595746798217,False,True,False,False,False,True
492,45,30954,0.2172090976912105,1,687.8666666666667,9.774409396104472,False,False,False,False,False,False
493,49,99239,0.1378228991592354,1,2025.2857142857142,6.753322058802535,False,True,True,False,False,False
494,44,66514,0.6630420045004922,0,1511.6818181818182,29.17384819802166,False,True,False,False,False,False
495,37,108236,0.0018798835249106,0,2925.2972972972975,0.0695556904216922,False,True,False,False,False,True
496,41,117579,0.1783725843073298,1,2867.7804878048782,7.313275956600521,False,False,False,True,False,False
497,29,26469,0.0290713803439537,0,912.7241379310345,0.8430700299746573,True,False,False,False,True,False
498,52,50105,0.1668851178548709,1,963.5576923076923,8.678026128453286,True,False,True,False,False,False
499,50,62101,0.1813192799255052,1,1242.02,9.06596399627526,False,True,True,False,False,False
